line_item,2021,2021,2021,2021,2021,2021,2021,2021,2021,2021,2021,2021,2021,2021,2021,2021,2021,2021,2021,2021,2021,2021,2021,2021,2021,2021,2021,2021,2021,2021,2021,2021,2021,2021,2021,2021,2021,2021,2021,2021,2021,2021,2021,2021,2022,2022,2022,2022,2022,2022,2022,2022,2022,2022,2022,2022,2022,2022,2022,2022,2022,2022,2022,2022,2022,2022,2022,2022,2022,2022,2022,2022,2022,2022,2022,2022,2022,2022,2022,2022,2022,2022,2022,2022,2022,2023,2023,2023,2023,2023,2023,2023,2023,2023,2023,2023,2023,2023,2023,2023,2023,2023,2023,2023,2023,2023,2023,2023,2023,2023,2023,2023,2023,2023,2023,2023,2023,2023,2023,2023,2023,2023,2023,2023,2023,2023,2024,2024,2024,2024,2024,2024,2024,2024,2024,2024,2024,2024,2024,2024,2024,2024,2024,2024,2024,2024,2024,2024,2024,2024,2024,2024,2024,2024,2024,2024,2024,2024,2024,2024,2024,2024,2024,2024,2024,2024
,Additives/Blending Components,Aviation gasoline,BIOGASES,Bioethanol,Bitumen (Oil and shale bitumens),Blast furnace gas,Charcoal,Coal Tar,Coke owen gas,Coke-owen coke,Coking Coal,Crude oil,Electricity,Ethane,Fuelwood,Gas condensate,Gasoline type jet fuel,Heat,Heating and other Gasoil,Hydro,Jet fuel kerosene type,Lignite/brown coal,Liquified petroleum gases (LPG),Lubricants,Motor gasoline,Naphtha,Natural Gas Liquids,Natural gas,Other bituminous coal1),Other hydrocarbons,Other kerosene,Other petroleum products,Paraffin Waxes,Petroleum Coke (Oil and shale coke),Rafinery gas,Refinery Feedstocks,Residual fuel oil (High sulphur),Residual fuel oil (Low sulphur),Solar Photovoltaic,Solar Thermal,Total,Transport diesel,White Spirit and SBP,Wind,"Additives, mixture components to improve the properties of the final oil product",Aviation gasoline,Biethanol,Blast furnace gas,"Charcoal, including agglomerated",Coal concentrate,Coke and semi-coke from coal,Coke oven gas,Crude oil,Diesel fuel (distillation temperature 180-380 degrees Celsius) for road and rail transport,Electricity,Electricity from biogas produced by biogas plants,Electricity generated by hydroelectric power plants,Electricity generated by wind farms,Electricity produced by solar power plants,Energy hard coal,"Fuel oil (fuel oil), with a sulfur content of more than 1%",Gas condensate,"Gas obtained by distillation at oil refineries, million cubic meters m",Heat,Heating and other gas oils,Hydrocarbon liquefied gases,Jet fuel such as gasoline,Jet fuel such as kerosene,Kerosene,Lignite (brown coal),Lubricating materials,Motor gasoline,Natural gas,Oil and shale bitumen,Other oil products,Petroleum and shale coke,"Petroleum fuel (fuel oil), with sulfur content less than 1%",Petroleum paraffin,Propane and butane liquefied,Resins obtained by distillation from coal,Straight-run naphtha,Total,"Waste from the processing of substances containing fat or wax, animal and vegetable",White spirit,Wood fuel,"Additives, mixture components to improve the properties of the final oil product",Aviation gasoline,Biethanol,Blast furnace gas,"Charcoal, including agglomerated",Coal concentrate,Coke and semi-coke from coal,Coke oven gas,Crude oil,Diesel fuel (distillation temperature 180-380 degrees Celsius) for road and rail transport,Electricity,Electricity from biogas produced by biogas plants,Electricity generated by hydroelectric power plants,Electricity generated by wind farms,Electricity produced by solar power plants,Energy hard coal1),"Fuel oil (fuel oil), with a sulfur content of more than 1%",Gas condensate,"Gas obtained by distillation at oil refineries, million cubic meters m",Heat,Heating and other gas oils,Hydrocarbon liquefied gases,Jet fuel such as gasoline,Jet fuel such as kerosene,Kerosene,Lignite (brown coal),Lubricating materials,Motor gasoline,Natural gas,Oil and shale bitumen,Other oil products3),Petroleum and shale coke,"Petroleum fuel (fuel oil), with sulfur content less than 1%",Petroleum paraffin,Propane and butane liquefied,Residues from refining of oil or petroleum products,Resins obtained by distillation from coal,Solid biofuels 4),Straight-run naphtha,Total,White spirit,"Additives, mixture components to improve the properties of the final oil product",Aviation gasoline,Biethanol,Blast furnace gas,"Charcoal, including agglomerated",Coal concentrate,Coke and semi-coke from coal,Coke oven gas,Crude oil,Diesel fuel (distillation temperature 180-380 degrees Celsius) for road and rail transport,Electricity,Electricity from biogas produced by biogas plants,Electricity generated by hydroelectric power plants,Electricity generated by wind farms,Electricity produced by solar power plants,Energy hard coal1),"Fuel oil (fuel oil), with a sulfur content of more than 1%","Gas obtained by distillation at oil refineries, million cubic meters m",Heat,Heating and other gas oils,Hydrocarbon liquefied gases,Jet fuel such as gasoline,Jet fuel such as kerosene,Kerosene,Lignite (brown coal),Lubricating materials,Motor gasoline,Natural gas,Oil and shale bitumen,Other oil products3),Petroleum and shale coke,"Petroleum fuel (fuel oil), with sulfur content less than 1%",Petroleum paraffin,Propane and butane liquefied,Residues from refining of oil or petroleum products,Resins obtained by distillation from coal,Solid biofuels 4),Straight-run naphtha,Total,White spirit
3. Final consumption,,,,,,,,,,,,,,,,,,,,,,,,,,,,,,,,,,,,,,,,,,,,,,,,,,,,,,,,,,,,,,,,,,,,,,,,,,,,,,,,,,0.0,,,,,,,,,,,,,,,,,,,,,,,,,,,,,,,,,,,,,,,,,,,,,,,,,,,,,,,,,,,,,,,,,,,,,,,,,,,,,,,,,,,,
Agriculture/Forestry,,,,,,,,,,,,,6958.2,,17.8,,,3233.5,21977.2,,,259.9,864.3,142.4,,,,3473.4,4098.3,,0.1,,,,,,7.0,,,,41032.1,,,,,,,,,,,,,,,,,,,,,,,,,,,,,,,,,,,,,,,,,,,,,,,,,,,,,,,,,,,,,,,,,,,,,,,,,,,,,,,,,,,,,,,,,,,,,,,,,,,,,,,,,,,,,,,,,,,,,,,,,,,,,
Agriculture/forestry,,,,,,,,,,,,,,,,,,,,,,,,,,,,,,,,,,,,,,,,,,,,,,0.0,,,,,,,,,6503.458,,,,,4092.93,20.219,,,3991.866,23982.566,,,,0.044,282.234,,907.487,4046.167,,,,,,894.012,,,44895.927,147.043,,27.902,,,,,,,,,,,5024.952,,,,,4822.318240236,,,,2842.016,16266.555999999999,,,,,324.535302,,,2402.15116275,,,,10.209973937,,829.2976229999999,,,95.061,,32617.097301923,,,,,,,,,,,,5299.9,,,,,4825.8,,,2934.6,13189.1,,,,,196.8,,,5911.5,,,,12.4,,845.8,,,172.5,,33388.5,
Autoproducer CHP Plants,,,,,,,,,,,,,29286.299999999996,,,,,31505.6,,,,,,,,,,33990.1,78796.8,,,,,,,,547.8,,,,113334.7,,,,,,,,,,,,,,,,,,,,,,,,,,,,,,,,,,,,,,,,,,,,,,,,,,,,,,,,,,,,,,,,,,,,,,,,,,,,,,,,,,,,,,,,,,,,,,,,,,,,,,,,,,,,,,,,,,,,,,,,,,,,,
Autoproducer Electricity Plants,,,36.9,,,,,,,,,,29207.900000000005,,,,,,,10857.1,,,,,,,,63928.9,,,,,,,,,,,12.9,,74879.19999999998,,,43.4,,,,,,,,,,,,,,,,,,,,,,,,,,,,,,,,,,,,,,,,,,,,,,,,,,,,,,,,,,,,,,,,,,,,,,,,,,,,,,,,,,,,,,,,,,,,,,,,,,,,,,,,,,,,,,,,,,,,,,,,,,
Available for final consumption,0.0,381.4,0.0,0.0,37732.9,9821.1,136.5,282.3,0.5,35983.6,2804.3,-9275.3,312699.6,0.0,887.5,0.0,126.6,263777.7,153405.0,0.0,7911.1,22484.5,42602.1,8244.0,215088.6,0.0,0.0,237324.8,314655.1,0.0,205.5,0.0,5.2,10388.7,0.0,0.0,9822.5,2539.8,0.0,0.0,1755720.5,67911.9,469.6,0.0,-0.019,1880.774,93.312,10137.171,75.826,0.0,31592.794,503.445,0.0,63800.13758256464,299384.793,0.0,0.0,0.0,0.0,303245.043,9098.412,0.0,0.0,255710.08,133676.36676463537,0.0,80.555,15055.431,245.425,51675.153,7992.971,209346.491,310917.191,37828.621,0.012,6989.023,5605.115,5.472,53914.065,2569.166,0.036,1821044.441,66.587,9371.26,183.73,0.0,244.927796,40.17599999999999,7177.02,140.30343413,63.054650000005495,31521.186880000005,0.0,82.16256300020177,101347.91525004197,273060.96479999996,0.0,0.0,0.0,0.0,283355.4756714843,9406.493196119998,-3.569167184025446e-11,0.0,278367.875,148331.10639039,0.0,0.0,15672.059867285097,272.93145044,30128.40958272517,8107.213968,226521.67715804005,309748.59185887506,32053.8229678624,89.9275347388866,5830.187999999998,3853.8762873097876,2.7821049180000004,58174.10186099999,0.02763156000150957,709.6295455152003,622.5355000000001,-2.842170943040401e-14,1824973.0555588119,46.61860937600005,-12.1,623.0,208.7,7224.3,191.8,-7260.4,28540.3,0.0,-46984.3,105276.1,306459.1,2.2,0.0,0.0,0.0,127518.8,5542.2,0.0,315305.9,122628.6,-98431.3,,17525.0,67.5,35713.7,6986.1,232119.3,345075.9,43976.6,-2248.2,2411.7,-19095.3,2.9,167440.8,-4167.3,2621.3,1177.2,1.8,1696567.3,125.6
Blast Furnaces,,,,,,19370.9,,,,56392.7,,,,,,,,,,,,,,,,,,,,,,,,,,,4825.9,,,,61218.6,,,,,,,,,,,,,,,,,,,,,,,,,,,,,,,,,,,,,,,,,,,,,,,,,,,,,,,,,,,,,,,,,,,,,,,,,,,,,,,,,,,,,,,,,,,,,,,,,,,,,,,,,,,,,,,,,,,,,,,,,,,,,
Blast furnaces,,,,,,,,,,,,,,,,,,,,,,,,,,,,,,,,,,,,,,,,,,,,,,,,17381.066,,,50981.025,,,,1203.343,,,,,227.028,5734.456,,,1337.587,,,,,,,,,,,,,,,,,,56942.509,,,,,,,16973.261,,,48348.073195,,,,730.5732,,,,,65.961567,3665.3179999999998,,,,,,,,,,,,,,,,,,,,,,,52079.352761999995,,,,,17414.2,,,60989.0,,,,617.476,,,,,,4794.1,,1451.982,,,,,,,,,,,,,,,,,,,,65783.1,
Charcoal Production Plants,,,,,,,44.7,,,,,,,,107.9,,,,,,,,,,,,,,,,,,,,,,,,,,107.9,,,,,,,,,,,,,,,,,,,,,,,,,,,,,,,,,,,,,,,,,,,,,,,,,,,,,,,,,,,,,,,,,,,,,,,,,,,,,,,,,,,,,,,,,,,,,,,,,,,,,,,,,,,,,,,,,,,,,,,,,,,,,
Charcoal production,,,,,,,,,,,,,,,,,,,,,,,,,,,,,,,,,,,,,,,,,,,,,,,,,110.67,,,,,,,,,,,,,,,,,,,,,,,,,,,,,,,,,119.262,,,119.262,,,,,84.84700000000001,,,,,,,,,,,,,,,,,,,,,,,,,,,,,,,,,178.819,,178.819,,,,,,103.6,,,,,,,,,,,,,,,,,,,,,,,,,,,,,,,,159.2,,159.2,
Chemical (including Petrochemical),,,,,,,,,,8006.9,,,8622.7,,33.9,,,4405.2,506.4,,,0.1,129.0,20.8,,,,14374.1,513.6,,,,,,,,193.9,,,,36806.7,,,,,,,,,,,,,,,,,,,,,,,,,,,,,,,,,,,,,,,,,,,,,,,,,,,,,,,,,,,,,,,,,,,,,,,,,,,,,,,,,,,,,,,,,,,,,,,,,,,,,,,,,,,,,,,,,,,,,,,,,,,,,
Chemical industry (including petrochemical),,,,,,,,,,,,,,,,,,,,,,,,,,,,,,,,,,,,,,,,,,,,,,,,,,122.98,6413.127,,,,9009.852,,,,,362.324,167.274,,,4073.455,547.696,,,,,0.501,,110.736,15003.77,,,,,,1358.537,,,37170.253,,,,,,,,,,6231.363245,,,,10784.3472,,,,,318.283406937,177.694,,,5893.134,544.208,,,,,5.836824,,,22225.668116250003,,135.50639999999999,201.6,67.402098859,,38.424327,,,9.156,,46632.62361804599,,,,,,,,6141.159,,,,13327.765,,,,,242.569,297.004,,6683.671,479.536,,,,,0.099,,,21095.35,,,,72.609,,67.395,,,0.056,,48407.2,
Coal Mines,,,,,,,,,,,,,1785.6,,,,,540.0,,,,39.9,,,,,,,10189.4,,,,,,,,,,,,12555.0,,,,,,,,,,,,,,,,,,,,,,,,,,,,,,,,,,,,,,,,,,,,,,,,,,,,,,,,,,,,,,,,,,,,,,,,,,,,,,,,,,,,,,,,,,,,,,,,,,,,,,,,,,,,,,,,,,,,,,,,,,,,,
Coal mines,,,,,,,,,,,,,,,,,,,,,,,,,,,,,,,,,,,,,,,,,,,,,,,,,,,,,,,6873.498,,,,,11557.319,,,,2606.096,2063.884,,,,0.609,1091.231,,,,,,,,,,,,24192.637,,,,,,,,,,,,,,2048.7852,,,,,11251.91256048,,,,1485.434,2084.5969999999998,,,,0.704,105.614964,,,,,,,,,1.2698369999999999,,,,,16978.31756148,,,,,,,,,,,,2516.432,,,,,3597.713,,,952.649,1929.152,,,,0.66,4266.087,,,,,,,,,0.847,,3.151,,,13266.691,
Coke Ovens,,,,,,,,3751.4,11317.1,67033.3,84892.5,,,,,,,,,,,,,,,,,,,,,,,,,,,,,,84892.5,,,,,,,,,,,,,,,,,,,,,,,,,,,,,,,,,,,,,,,,,,,,,,,,,,,,,,,,,,,,,,,,,,,,,,,,,,,,,,,,,,,,,,,,,,,,,,,,,,,,,,,,,,,,,,,,,,,,,,,,,,,,,
Coke ovens,,,,,,,,,,,,,,,,,,,,,,,,,,,,,,,,,,,,,,,,,,,,,,,,,,92457.712,67210.182,12622.8,,,54.5,,,,,,,,,632.035,,,,,,,,,,,,,,,,3542.774,,92457.712,,,,,,,,,93728.28165,63682.948000000004,11260.367,,,59.601600000000005,,,,,,,,,,,,,,,,,,,,,,,,,,3212.171208,,,93728.28165,,,,,,,123166.1,74174.3,14270.4,,,103.655,,,,,,,,,,,,,,,,,,,,,,,,,5496.4,,,123166.1,
Combined Heat and Power Plants (CHPP) (main activity),,,,,,,,,,,,,,,,,,,,,,,,,,,,,,,,,,,,,,,,,,,,,,,,,,,,,,,,,,,,,,,,,,,,,,,,,,,,,,,,,,,,,,,,,,,,,,,,,,,,,,,,,,,,,,,,,,,,,,,,,,,,,,,,,,,,,,,,,296385.8,,,,,1029561.3,4631.0,,214162.6,53.8,,,,,,1.909,0.264,231506.7,,,,,,0.5,,,,,1265753.4,
Combined Heat and Power Plants (CHPP) (main activity) - electricity and heat generation,,,,,,,,,,,,,,,,,,,,,,,,,,,,,,,,,,,,,,,,,,,,,,,,,,,,,,,297327.715,,,,,767011.688,5079.228,,,170457.534,8653.24,,,,,,,,187529.263,,,,,,0.894,,,968273.419,,,,,,,,,,,,,,298377.9000000001,,,,,732369.95916966,4723.528,,,208525.806,,,,,0.044,,,2.068,215408.903577,,,,,,,,,,,952502.3907466601,,,,,,,,,,,,,,,,,,,,,,,,,,,,,,,,,,,,,,,,,
Combined Heat and Power Plants (CHPP) (secondary activity),,,,,,,,,,,,,,,,,,,,,,,,,,,,,,,,,,,,,,,,,,,,,,,,,,,,,,,,,,,,,,,,,,,,,,,,,,,,,,,,,,,,,,,,,,,,,,,,,,,,,,,,,,,,,,,,,,,,,,,,,,,,,,,,,,,,,,,,,10381.0,,,,,50141.3,2634.2,,32514.7,,,,,,,,,6563.5,,,,185.0,,,,,,,59523.9,
Combined Heat and Power Plants (CHPP) (secondary activity) - electricity and heat generation,,,,,,,,,,,,,,,,,,,,,,,,,,,,,,,,,,,,,,,,,,,,,,,,,,,,,,,20962.994,,,,,106907.63,4853.066,,,54026.783,,,,,,,,,8469.97,,,,,,,,,120230.666,,,,,,,,,,,,,,14278.4028,,,,,270623.6493937916,4021.977,,,30758.51,,,,,,,,,8158.9527885,,,,,,,,,,,282804.57918229164,,,,,,,,,,,,,,,,,,,,,,,,,,,,,,,,,,,,,,,,,
Commercial and government services,,,,,,,,,,,,,,,,,,,,,,,,,,,,,,,,,,,,,,,,,,,,,,,,,51.305,,,,,,51987.388,,,,,134439.042,,,,120948.615,33872.3,,,,0.131,14177.308,,,206026.14,,,,,,15226.615,,,576728.844,,,,,,40.176,,87.66799999999999,,,,,,52917.24600000001,,,,,10587.302657549999,303.318,,,84592.612,28901.074,,,28.41203,,21343.352625,,0.352,22755.09904575,,,3270.092,2597.604484633,,22354.069455,,,390.67999999999995,,250169.05829793302,,,,,,52.2,,,,,,67118.0,,,,,3343.7,819.4,,63597.0,3771.7,,,,,13613.1,,2507.5,45291.4,,,,2128.9,,6604.1,,,118.7,,208965.7,
Commercial and utility services,,,,,132.9,,,,,,,,79893.1,,44.3,,,77733.2,5919.9,,,3025.4,1268.7,5150.1,,,,30747.4,28234.1,,23.1,,,1233.2,,,854.3,,,,234618.6,,359.0,,,,,,,,,,,,,,,,,,,,,,,,,,,,,,,,,,,,,,,,,,,,,,,,,,,,,,,,,,,,,,,,,,,,,,,,,,,,,,,,,,,,,,,,,,,,,,,,,,,,,,,,,,,,,,,,,,,,,,,,,,,
Construction,,,,,10003.4,,,,,0.2,,,8295.1,,1.9,,,1475.9,10047.1,,,568.5,308.4,3.0,,,,2216.0,1321.1,,,,,,,,722.3,,,,34965.8,,2.8,,,,,,,,,,,,5661.428,,,,,861.358,287.48,,,1868.333,4582.387,,,,,,,40.71,2265.918,,,,,,343.975,,,15915.205,,3.401,0.214,,,,,,,,,,,4080.5784,,,,,893.741540526,162.934,,,1353.048,8267.911,,,,,6.211485000000001,,,2381.3714505000003,,23.667071999999997,,988.6997072220001,,288.72330900000003,,,0.028,,18446.913964247997,,,,,,,,,,,,7631.989,,,,,1135.82,168.387,,1361.381,5479.834,,,,,11.161,,33.572,2472.868,,,,726.779,,406.207,,,3.493,,19431.5,
Consumption in Energy Sector (Own Use),0.0,0.0,0.0,0.0,0.0,7647.8,33.7,2343.0,11316.5,0.0,0.0,69346.5,65536.6,0.0,82.7,0.0,0.0,87381.6,6233.1,0.0,0.0,39.9,66.2,19.3,0.0,0.0,0.0,83272.6,10189.4,0.0,0.0,0.0,0.0,0.0,46058.2,0.0,0.0,0.0,0.0,0.0,389567.1,0.0,0.0,0.0,,,,,,,,,,,,,,,,,,,,,,,,,,,,,,,,,,,,,,,,,,,,,,,,,,,,,,,,,,,,,,,,,,,,,,,,,,,,,,,,,,,,,,,,,,,,,,,,,,,,,,,,,,,,,,,,,,,,,,,,,,
Consumption in the energy sector (own needs),,,,,,,,,,,,,,,,,,,,,,,,,,,,,,,,,,,,,,,,,,,,,0.0,0.0,0.0,7243.895,33.697,0.0,0.0,12119.355,2108.076,0.0,69839.717,0.0,0.0,0.0,0.0,11557.319,2592.369,0.0,48702.723,66796.008,2063.884,0.0,0.0,0.0,0.609,1091.231,117.506,0.0,71999.689,0.0,0.0,608.276,0.0,0.0,17919.093,0.0,0.0,314908.429,0.0,0.0,114.981,0.0,0.0,0.0,7732.744,0.0,0.0,0.0,11260.367,31611.866458499895,0.0,89348.43600000003,0.0,0.0,0.0,0.0,11251.91256048,0.0,110.98732999999999,43607.377432805995,63087.973000000005,6271.249000000001,0.0,0.0,0.0,0.748,105.614964,0.0,2.376,75130.610171625,0.0,0.0,940.0160000000001,0.0,0.0,75.014445,0.0,1952.6988000000001,0.0,0.0,342489.991162411,0.0,0.0,0.0,0.0,8071.7,0.0,0.0,0.0,14207.8,3665.2,0.0,92181.9,0.0,0.0,0.0,0.0,3819.1,0.0,44473.2,49315.8,4098.7,0.0,,120.4,12.6,4266.1,7.2,756.3,126781.993,1060.2,0.0,934.3,0.0,0.0,322.9,2688.8,3.2,0.0,0.0,356787.331,0.0
Conversion Sector - Exit,,,,,,,,,,,,,,,,,,,,,,,,,,,,,,,,,,,,,,,,,,,,,,69.669,,17381.066,110.67,,67210.182,12622.8,,57515.219,408787.536,,,,,,39225.275,,62635.406,394764.762,174141.17,,0.0,30933.019,352.475,,2721.18,216120.481,,40276.736,25718.506,15297.253,98374.764,0.0,140618.258,3542.774,,1809034.388,,615.187,,902.2541659999999,67.9724,348.219,16973.261,84.84700000000001,0.0,63682.948000000004,11260.367,0.0,81746.62665910697,408907.68840000004,0.0,0.0,0.0,0.0,0.0,32752.399,0.0,43607.377432805995,386228.461,145769.269,0.0,0.0,27755.029,231.704,0.0,1272.290712,233842.40000000002,0.0,20062.82816,25853.7936,14837.199999999999,81244.13882323001,0.0,117361.1574,1055.0231999999999,3212.171208,0.0,148.11839999999998,1719660.984561143,453.44000000000005,0.0,572.9,0.0,17414.2,103.6,0.0,74174.3,14270.4,0.0,104289.8,427379.8,0.0,0.0,0.0,0.0,0.0,31583.7,44473.2,396195.6,127476.9,0.0,0.0,32475.3,46.9,0.0,1348.8,240267.0,0.0,25284.3,3439.0,12599.9,57897.5,0.0,227039.2,0.0,5496.4,0.0,0.0,1843906.3,77.6
Domestic Aviation,,271.9,,,,,,,,,,,,,,,126.6,,,,6605.8,,,0.5,,,,,,,,,,,,,,,,,7004.8,,,,,,,,,,,,,,,,,,,,,,,,,,,,,,,,,,,,,,,,,,,,,,,,,,,,,,,,,,,,,,,,,,,,,,,,,,,,,,,,,,,,,,,,,,,,,,,,,,,,,,,,,,,,,,,,,,,,,,,,,,,,,
Domestic Navigation,,,,,,,,,,,,,,,,,,,262.8,,,6.6,8.8,4.5,,,,,,,,,,,,,,,,,282.6,,,,,,,,,,,,,,,,,,,,,,,,,,,,,,,,,,,,,,,,,,,,,,,,,,,,,,,,,,,,,,,,,,,,,,,,,,,,,,,,,,,,,,,,,,,,,,,,,,,,,,,,,,,,,,,,,,,,,,,,,,,,,
Electricity plants (TPP) (main activity),,,,,,,,,,,,,,,,,,,,,,,,,,,,,,,,,,,,,,,,,,,,,,,,,,,,,,,,,,,,,,,,,,,,,,,,,,,,,,,,,,,,,,,,,,,,,,,,,,,,,,,,,,,,,,,,,,,,,,,,,,,,,,,,,,,,,,,,,,,29011.5,15991.8,6759.3,,66.8,,,0.1,,,,,,,,97301.7,,,,,,,,,,,149131.2,
Electricity plants (TPP) (main activity) - electricity generation,,,,,,,,,,,,,,,,,,,,,,,,,,,,,,,,,,,,,,,,,,,,,,,,,,,,,,,,,,,,,,,,,,,,,,,,,,,,,,,,,,,,,,,,,,,,,,,,,,,,,,,,,,,,,,,,,,,,,,,,,,,,,,,,,,,,,,,,,80887.0,,,,,,,,,,,,,,,,376.596,,,,,,,0.47,,,,,80887.0,
Electricity plants (TPP) (secondary activity),,,,,,,,,,,,,,,,,,,,,,,,,,,,,,,,,,,,,,,,,,,,,,,,,,,,,,,,,,,,,,,,,,,,,,,,,,,,,,,,,,,,,,,,,,,,,,,,,,,,,,,,,,,,,,,,,,,,,,,,,,,,,,,,,,,,,,,,,,4.4,11614.5,44.5,46.0,528.9,,,,946.8,,,,,,,,112821.4,,,,1.4,,7.1,,,,,126014.9,
Electricity plants (TPP) (secondary activity) - electricity generation,,,,,,,,,,,,,,,,,,,,,,,,,,,,,,,,,,,,,,,,,,,,,,,,,,,,,,,,,,,,,,,,,,,,,,,,,,,,,,,,,,,,,,,,,,,,,,,,,,,,,,,,,,,,,,,,,,,,,,,,,,,,,,,,,,,,,,,,,39725.9,,,,,,,,,,,,,,,,,,,,934.276,,,,,,,,39725.9,
Exports,-83.1,-118.3,,,-3618.1,,-20.3,-1171.0,,-827.5,-40519.0,-2831004.1,-9499.6,,,-9345.5,,,-1566.0,,-622.1,-55805.1,-81999.0,-707.1,-4394.1,,,-393469.0,-449570.1,,,,,-8643.7,,,-84860.7,-129.1,,,-3984984.3000000003,-7011.8,,,-204.646,-7.185,-153.873,,-16.523,-22105.841,-818.45,,-2720114.688,-35.829,-8075.953,,,,,-522187.225,-7458.241,-7151.105,,,-5401.842,,,-567.264,,-40420.233,-1392.456,-3203.354,-268617.549,-2994.132,-25718.494,-10558.374,-89962.392,-0.048,-65099.699,-959.98,,-3803272.128,,-46.279,-0.473,-120.490348,,-267.327,,-50.61848795,-9750.298025,-539.19037,,-2345899.1908629998,-6.900571360000001,-9756.982800000002,,,,,-528446.212864542,-8639.82080388,-475753.098723,,,-3063.29123085,,,-571.9831931435,,-53441.499178557,-1126.240584,-1987.3034698000001,-290364.816325875,-1400.2467316928003,83081.55983999999,-10402.252,-81617.23242302523,-0.96192168,-48762.352203,-557.55945619,-1349.6067424848002,-21.899,1.9091999999999998,-3790842.46512941,-28.55885238,-37.428,,208.926,,-0.372,-20472.27,-355.615,,-2825380.466,-3.45,-8822.232,,,,,-505903.282,-4482.12,,,-2588.428,,,-454.68,-147.884,-32820.797,-950.599,-1640.276,-264911.188,-1687.867,-5772.559,-12253.724,-71458.225,0.0,-40364.638,-111.322,-2420.211,-6.147,1.82,-3802835.118,-0.087
Ferrous metallurgy,,,,,,,,,,,,,,,,,,,,,,,,,,,,,,,,,,,,,,,,,,,,,,,,10137.171,,,16569.407,503.445,,,47158.966,,,,,32102.866,7472.901,,,22928.623,1860.528,,,,1.584,,,0.766,15183.893,,,,,,1878.465,,,155798.615,,,,,,,7177.02,,,15894.606285,,,,50411.606400000004,,,,,24124.651591446,5342.628,,,20956.11,1864.6950000000002,,,,,,,,12119.705569875001,,,,,,1518.6780209999997,,,,,139409.700867321,,,,,7224.262,0.341,,20313.809,,,,47300.944,,,,,24683.535,3191.768,,18856.297,1682.418,,,,,,,,14541.363,,,1.372,52.148,,1546.144,,,,,139394.4,
Final energy consumption,0.0,271.9,0.0,0.0,14177.2,9821.1,136.5,272.8,0.0,35112.9,0.0,70.2,312729.2,0.0,887.5,0.0,126.6,263574.8,154291.3,0.0,6605.8,20577.6,49482.3,5984.9,219900.3,0.0,0.0,304108.3,314654.0,0.0,33.9,0.0,0.0,6568.1,0.0,0.0,17780.8,0.0,0.0,0.0,1805442.3,67911.9,362.5,0.0,0.0,1423.948,93.312,10137.171,75.485,122.98,32679.191,503.445,0.0,58916.231968,299384.793,0.0,0.0,0.0,0.0,303726.712,10738.844,0.0,0.0,255527.45,131098.35050559998,0.0,82.732,14592.192,208.026,51496.457,5081.5,208065.799,309530.908,37261.636,0.0,6976.085,1931.967,0.096,53897.47,2280.151,0.0,1802585.169,147.043,6424.024,181.172,0.0,53.8896,40.176,7177.02,140.30599999999998,63.05465,31674.584365000006,0.0,82.16256299999999,101347.915250042,273060.9648,0.0,0.0,0.0,0.0,283355.4719022516,7082.6269999999995,0.0,0.0,278367.875,147034.41499999998,0.0,0.0,15672.040939999999,120.736,30128.403753000002,8107.213968,227578.912,310323.524608875,37503.43456,252.72460799999996,5830.188,3762.802506248,2.7738000000000005,55483.458350999994,0.0,709.63932,622.53523,0.0,1825625.4581754163,46.608399999999996,0.0,643.1,0.0,7224.3,191.8,0.0,27878.5,0.0,47.8,106329.5,306459.1,0.0,0.0,0.0,0.0,166371.1,5443.6,0.0,315305.7,130062.9,0.0,0.0,16607.3,67.5,33616.3,6894.1,235654.8,394395.1,43976.6,0.0,2369.6,3214.0,2.8,62985.2,1.4,2284.7,1177.2,1.8,1869291.5,85.8
Final non-energy consumption,0.0,0.0,0.0,0.0,23555.6,0.0,0.0,9.5,0.0,0.0,0.0,0.0,0.0,0.0,0.0,0.0,0.0,0.0,0.0,0.0,0.0,0.0,0.0,627.9,0.0,0.0,0.0,10453.4,1.1,0.0,171.6,0.0,4.3,0.0,0.0,0.0,0.0,0.0,0.0,0.0,34930.5,0.0,107.0,0.0,0.0,0.0,0.0,0.0,0.0,0.0,76.792,0.0,0.0,0.0,0.0,0.0,0.0,0.0,0.0,0.0,9.116,0.0,0.0,0.0,0.0,0.0,0.0,0.0,99.92,0.0,2490.714,206.664,7883.055,37261.636,0.0,0.0,0.0,0.096,0.0,5.459,0.0,48330.431,0.0,295.172,1.807,0.0,26.9448,0.0,0.0,0.0,0.0,0.0,0.0,0.0,0.0,0.0,0.0,0.0,0.0,0.0,0.0,0.0,0.0,0.0,0.0,0.0,0.0,0.0,0.0,120.736,0.0,8107.213968,5.808,8145.359735625,37503.43456,0.0,0.0,0.0,2.7738000000000005,0.0,0.0,8.279736000000002,0.0,0.0,53967.158999625,46.608399999999996,0.0,0.0,0.0,0.0,0.0,0.0,0.055,0.0,0.0,0.0,0.0,0.0,0.0,0.0,0.0,0.0,0.0,0.0,0.0,0.0,0.0,,127.397,67.496,0.0,6894.147,311.96,9984.159,43976.553,0.0,0.0,0.0,2.8,0.0,1.382,2284.731,55.386,0.0,63791.87,85.805
Fishing,,,,,,,,,,,,,358.3,,,,,4.1,,,,,,0.0,,,,4.0,83.0,,,,,,,,,,,,449.4,,,,,,,,,,,,,,160.611,,,,,17.742,,,,1.186,,,,,,0.0,,,5.35,,,,,,3.151,,,188.041,,,,,,,,,,,,,,67.41720000000001,,,,,4.485386556,,,,1.041,,,,,,0.0,,,8.500791375,,,,,,2.4926429999999997,,,,,83.937020931,,,,,,,,,,,,68.6,,,,,0.8,,,0.2,,,,,,0.4,,,8.6,,,,,,,,,,,78.6,
"Food, Beverages and Tobacco",,,,,,,,,,2.0,,,5954.0,,0.4,,,5906.1,1309.9,,,293.3,936.0,0.7,,,,8551.7,1555.1,,,,,,,,1242.8,,,,25751.8,,,,,,,,,,,,,,,,,,,,,,,,,,,,,,,,,,,,,,,,,,,,,,,,,,,,,,,,,,,,,,,,,,,,,,,,,,,,,,,,,,,,,,,,,,,,,,,,,,,,,,,,,,,,,,,,,,,,,,,,,,,,,
Gas processing enterprises,,,,,,,,,,,,,,,,,,,,,,,,,,,,,,,,,,,,,,,,,,,,,,,,,,,,,,,,,,,,,,,,,,92648.59999999999,,,,,,,,,,,,,86151.657,,,92648.59999999999,,,,,,,,,,,,,,,,,,,,,173.507531,,,,-59880.316000000006,,,,,,,,,,,,,61222.416126000004,,,,,-59706.808469,,,,,,,,,,,,,,,,,,,,,,,,,,,,,53458.315,,,,,,100637.4,,,,,100637.4,
Heating boiler houses (main activity),,,,,,,,,,,,,,,,,,,,,,,,,,,,,,,,,,,,,,,,,,,,,,,,,,,,,,,,,,,,,,,,,,,,,,,,,,,,,,,,,,,,,,,,,,,,,,,,,,,,,,,,,,,,,,,,,,,,,,,,,,,,,,,,,,,,,,,,,,,,,,57134.2,4707.7,,70024.1,267.4,,,,,3689.1,,,43521.8,,,,,,6.7,,,857.7,,110184.5,
Heating boiler houses (main activity) - heat production,,,,,,,,,,,,,,,,,,,,,,,,,,,,,,,,,,,,,,,,,,,,,,,,,,,,,,,,,,,,58790.644,5794.932,,,170280.445,19575.138,,,,,2561.435,,,104757.986,,,,,,16.085,,,191570.827,90.692,,,,,,,,,,,,,0.0,,,,,55722.91833945,6886.933999999999,,,119876.16,,,,,,2759.5360170000004,,,91224.086643,,,,,,13261.754348999999,,,,,169855.22934845,,,,,,,,,,,,,,,,,1.753,,,5380.28,14.921,,,,,,,68.816,,,,,,,2.446,,,,,5468.215,
Heating boiler houses (secondary activity),,,,,,,,,,,,,,,,,,,,,,,,,,,,,,,,,,,,,,,,,,,,,,,,,,,,,,,,,,,,,,,,,,,,,,,,,,,,,,,,,,,,,,,,,,,,,,,,,,,,,,,,,,,,,,,,,,,,,,,,,,,,,,,,,,,,,,,,,,,,,,25463.1,4720.5,,79494.1,752.1,,,,,,,,64979.8,,,,21.9,,12317.8,,,,,108255.2,
Heating boiler houses (secondary activity) - heat production,,,,,,,,,,,,,,,,,,,,,,,,,,,,,,,,,,,,,,,,,,,,,,,,,,,,,528.199,,,,,,,,,,,,,,,,,0.0,,,,,,,,,,,,528.199,,,,,,,,,,,,365.858954,,0.0,,,,,28430.18922348,684.003,,,27067.985,,,,,,,,,35795.929014375004,,,,,,,,,,,64910.121237855,,,,,,,,,,129.392,,,,,,,,,,,,,,,,,,,,,,,,,,,,,,129.392,
Housing sector,,,,,,,,,,,,,,,,,,,,,,,,,,,,,,,,,,,,,,,,,,,,,,0.0,93.312,,24.18,,,,,,82061.003,,,,,17185.113,816.613,,,77763.937,36841.467,,,583.781,1.523,35886.434,2590.787,1985.694,21922.724,,,1338.417,,,5076.573,1472.804,,291885.441,,6124.666,116.413,,,,,52.638,,,,,,53552.4012,,,,,139609.955787264,,,,138491.264,14105.891999999996,,,,,7335.310248000001,,,213216.808201125,,,,,,15403.310934,,,95.797,,581863.3773703891,,,,,,139.2,,,,,,59783.5,,,,,96597.9,,,197205.8,19895.6,,,,,18874.0,,,255284.8,,,,1.0,,34347.5,,,543.4,,682672.7,
Housing sector (population),,,,,,,136.5,,,,,,53505.5,,763.7,,,118331.0,70788.2,,,15534.0,42773.4,160.1,,,,190628.1,142460.5,,0.3,,,,,,,,,,635081.3,,,,,,,,,,,,,,,,,,,,,,,,,,,,,,,,,,,,,,,,,,,,,,,,,,,,,,,,,,,,,,,,,,,,,,,,,,,,,,,,,,,,,,,,,,,,,,,,,,,,,,,,,,,,,,,,,,,,,,,,,,,,,
Imports,175.1,59.8,,,256.3,,153.5,,,29275.4,11815.7,0.0,7455.6,,97.9,20.6,384.9,,18.6,,2735.1,1.7,3.2,6894.6,46.6,,,93174.8,274.1,,0.2,,5.6,3611.4,,,,,,,170884.90000000002,14358.8,65.4,,794.352,1881.503,,,79.174,1305.035,17117.188,,26.454,7787.715,13298.561,,,,,1068.493,,,,,0.038,,,5107.373,0.063,6.92,8212.256,133.939,47489.395,2088.086,,3404.564,,5.883,38.565,,0.036,118764.164,,8806.232,112.34,673.2471459999999,410.040996,,,106.10592208,7814.119475,15160.27537,,,16912.912246221,17210.4876,,,,,1034.710832286,,,,,0.08362124,,,10179.445220428599,2.19945044,18.415547282160002,7300.9552140000005,93.67262783999999,51743.04403425001,10222.0476195552,59.76443073888,3383.1,,3.7440265980000005,33.015761999999995,9190.73308175,,138.505,,151708.38148546586,17.756261756,549.994,53.192,10.899,,150.877,17983.446,17470.517,,,2945.336,17416.033,,,,,1296.786,0.0,,,67.897,,,7761.14,0.748,53.478,5967.174,946.748,182111.016,17121.302,85.398,3546.452,6.874,2.975,55.685,11787.749,0.073,12.043,,287621.265,217.433
Industry Sector,0.0,0.0,0.0,0.0,14044.3,9821.1,0.0,272.8,0.0,35112.9,0.0,0.0,158380.7,0.0,61.7,0.0,0.0,61189.2,43766.7,0.0,0.0,1466.4,4058.9,129.0,0.0,0.0,0.0,65491.2,139288.4,0.0,10.4,0.0,0.0,5334.9,0.0,0.0,16919.5,0.0,0.0,0.0,555351.6,0.0,3.5,0.0,,,,,,,,,,,,,,,,,,,,,,,,,,,,,,,,,,,,,,,,,,,,,,,,,,,,,,,,,,,,,,,,,,,,,,,,,,,,,,,,,,,,,,,,,,,,,,,,,,,,,,,,,,,,,,,,,,,,,,,,,,
Industry sector,,,,,,,,,,,,,,,,,,,,,,,,,,,,,,,,,,,,,,,,,,,,,0.0,0.0,0.0,10137.171,0.0,122.98,32602.398,503.445,0.0,0.0,146065.563,0.0,0.0,0.0,0.0,147169.817,9885.27,0.0,0.0,52821.846,36216.084,0.0,0.0,0.0,4.761,1120.567,0.0,368.518,67406.805,0.0,0.0,5637.668,0.0,0.0,7334.259,801.889,0.0,518238.274,0.0,4.186,35.05,0.0,0.0,0.0,7177.02,0.0,63.05465,31674.584365000006,0.0,0.0,0.0,150007.6764,0.0,0.0,0.0,0.0,127849.06116041761,6779.308999999999,0.0,0.0,52440.941999999995,38188.773,0.0,0.0,0.0,0.0,1125.205578,0.0,,61497.18880425002,0.0,252.72460799999996,2560.096,1154.9880476780002,0.0,3985.877249999999,0.0,701.359584,40.99723,0.0,485498.85767734563,0.0,0.0,0.0,0.0,7224.262,0.403,0.0,27878.444,0.0,0.0,0.0,153200.196,0.0,0.0,0.0,0.0,61011.227,4624.185,0.0,51568.12,29530.078,0.0,,0.0,0.0,932.038,0.0,48.752,69907.839,0.0,0.0,2369.556,1071.681,0.0,4780.889,0.0,0.0,287.153,1.82,414436.6,0.0
Inland waterway transport,,,,,,,,,,,,,,,,,,,,,,,,,,,,,,,,,,,,,,,,,,,,,,,,,,,,,,337.233,,,,,,,0.455,,,,,,,,,,,,,,,,,,9.406,,,347.095,,,,,,,,,,,,,,,,,,,,,,,,406.866,,,,,,,,,,,,,,,,,,,406.866,,,,,,,,,,,,,,,,,,,,,889.4,,,,,,,,,,,,,,0.0,,,,,889.4,
Inter-product transfers,,,,,,,,,,,,,,,,,,,,,,,,,,,,,,,,,,,,,,,,,,,,,,,,,,,,,,,,,,,,,,,,,,,,,,,,,,,,,,,,,,,,,,,,,,,,,,48734.816067499996,,,,,,,,91.79899999999999,,,,,,,,,,,1056.8799999999999,,,,,-91.07622169300001,,,,,,,,,,,,,,,,,,,,,,,,,91.799,,,77.4,98431.26,,,,,,,,,,,-91.076,,100637.404,5129.799,,,,,
Internal air transportation,,,,,,,,,,,,,,,,,,,,,,,,,,,,,,,,,,,,,,,,,,,,,,1423.948,,,,,,,,,,,,,,,,,,,,,82.732,14008.411,101.648,,,,,,,,,,,,,15616.738,,,,,26.9448,,,,,,,,,,,,,,,,,,,,,,15643.62891,,,,,,,,,,,,,,,,15670.573709999999,,,643.1,,,,,,,,,,,,,,,,,,,,,16479.9,,,,,,,,,,,,,,,,17123.1,
International marine/aviation bunkers,,,,,,,,,,,,,,,,,-182.7,,-119.2,,-20860.3,,,,,,,,,,,,,,,,,,,,-21162.2,,,,,-50.568,,,,,,,,,,,,,,,,,,,-119.23,,,-20240.899,-128.414,,,,,,,,,,,,,-20539.111,,,,,-29.735200000000003,,,,,,,,,,,,,,,,,,,-98.685,,,-21878.65542,,,,,,,,,,,,,,,,-22007.07562,,,0.0,,,,,,,,,,,,,,,,,,-6.235,,,-19511.189,,,-0.398,,,,,,,,,,,,,-19517.822,
Iron and Steel,,,,,,9821.1,,,,16546.5,,,51677.0,,,,,28407.3,1832.6,,,,1493.2,,,,,14414.2,23709.8,,,,,,,,13868.5,,,,161770.2,,,,,,,,,,,,,,,,,,,,,,,,,,,,,,,,,,,,,,,,,,,,,,,,,,,,,,,,,,,,,,,,,,,,,,,,,,,,,,,,,,,,,,,,,,,,,,,,,,,,,,,,,,,,,,,,,,,,,,,,,,,,,
Losses (transmission/distribution),,,,,,,,,,,,,,,,,,,,,,,,,,,,,,,,,,,,,,,,,,,,,0.0,0.0,0.0,0.0,0.0,0.0,114.078,0.0,4882.832,33.057,44785.635,0.0,0.0,0.0,0.0,166.337,2.135,0.0,13932.683,72258.673,46.035,0.0,0.0,0.046,51.218,26.75,0.367,113.379,36334.537,0.0,0.0,0.0,0.0,0.0,120.136,2.931,0.0,172870.828,0.0,0.0,0.0,0.0,0.218,0.0,2063.497,0.0,0.0,110.63562999999999,0.0,16928.0031585,0.0,53951.792400000006,0.0,0.0,0.0,0.0,308.191287186,0.8200000000000001,1.7965574999999998,0.0,44772.613,30.444,0.0,0.0,14.48883,1.276,3.509982,0.0,16.544,19149.77790375,0.0,0.0,0.0,0.0,0.0,44.820542999999994,0.0,1.46544,0.118,0.0,137400.011731936,0.0,0.0,1.4,0.0,2118.2,0.0,0.0,78.9,62.6,6046.2,0.0,37332.6,0.0,0.0,0.0,0.0,401.0,0.8,0.0,31573.9,244.5,0.0,,13.4,0.0,121.9,0.0,1342.1,21214.3,0.0,0.0,0.0,0.0,0.0,1311.8,244.4,73.0,0.1,0.0,102181.2,0.0
"Losses during technological processes, transportation and distribution (–)",0.0,0.0,0.0,0.0,0.0,1902.0,0.0,0.0,0.5,111.2,0.0,8486.0,34001.4,0.0,0.0,0.0,0.0,42451.9,0.0,0.0,0.0,33.0,0.0,0.0,0.0,0.0,0.0,15573.4,167.7,0.0,0.0,0.0,0.0,0.0,0.0,0.0,1.0,0.0,0.0,0.0,102728.3,0.0,0.0,0.0,,,,,,,,,,,,,,,,,,,,,,,,,,,,,,,,,,,,,,,,,,,,,,,,,,,,,,,,,,,,,,,,,,,,,,,,,,,,,,,,,,,,,,,,,,,,,,,,,,,,,,,,,,,,,,,,,,,,,,,,,,
Machinery,,,,,,,,,,4.5,,,3108.0,,1.8,,,1689.5,123.7,,,21.3,104.6,21.2,,,,1047.0,975.7,,0.4,,,,,,154.5,,,,7252.9,,0.7,,,,,,,,,,,,,,,,,,,,,,,,,,,,,,,,,,,,,,,,,,,,,,,,,,,,,,,,,,,,,,,,,,,,,,,,,,,,,,,,,,,,,,,,,,,,,,,,,,,,,,,,,,,,,,,,,,,,,,,,,,,
Main Activity Producer CHP Plants,,,,,,,,,,,,,295989.3,,,,,238347.5,16674.5,,,1942.5,,,,,,112920.5,609800.0,,,,,,,,14561.0,,,,755898.5,,,,,,,,,,,,,,,,,,,,,,,,,,,,,,,,,,,,,,,,,,,,,,,,,,,,,,,,,,,,,,,,,,,,,,,,,,,,,,,,,,,,,,,,,,,,,,,,,,,,,,,,,,,,,,,,,,,,,,,,,,,,,
Main Activity Producer Electricity Plants,,,,,,,,,,,,,59798.0,,,,,,,22293.4,,,,,,,,93269.2,,,,,,,,,,,5851.7,,127661.8,,,6247.5,,,,,,,,,,,,,,,,,,,,,,,,,,,,,,,,,,,,,,,,,,,,,,,,,,,,,,,,,,,,,,,,,,,,,,,,,,,,,,,,,,,,,,,,,,,,,,,,,,,,,,,,,,,,,,,,,,,,,,,,,,
Main Activity Producer Heat Plants,,,,,,,,,,,,,,,,,,129222.5,8468.5,,,,,,,,,147162.3,253821.5,,,,,,,,,,,,409452.3,,,,,,,,,,,,,,,,,,,,,,,,,,,,,,,,,,,,,,,,,,,,,,,,,,,,,,,,,,,,,,,,,,,,,,,,,,,,,,,,,,,,,,,,,,,,,,,,,,,,,,,,,,,,,,,,,,,,,,,,,,,,,
"Manufacture of food, beverages and tobacco products",,,,,,,,,,,,,,,,,,,,,,,,,,,,,,,,,,,,,,,,,,,,,,,,,,,2.588,,,,6299.284,,,,,1012.788,1214.263,,,6000.549,1315.407,,,,,316.851,,24.962,8604.205,,,,,,1180.614,,,25971.756,,,0.245,,,,,,,20.48604,,,,5534.8776,,,,,1123.7834477466,530.909,,,6334.399,1331.151,,,,,344.155707,,,5519.43653325,,,,10.738777368000001,,995.740332,,,,,21745.6774373646,,,,,,,,16.383,,,,7117.549,,,,,950.883,501.348,,6409.012,1533.079,,,,,411.121,,14.432,10128.631,,,,37.301,,1592.611,,,231.096,1.82,28945.3,
Mechanical engineering,,,,,,,,,,,,,,,,,,,,,,,,,,,,,,,,,,,,,,,,,,,,,,,,,,,2.974,,,,3139.505,,,,,908.757,103.117,,,1587.57,127.578,,,,0.348,23.353,,2.46,1529.35,,,,,,106.431,,,7533.269,,0.785,1.043,,,,,,,6.801145,,,,2252.0843999999997,,,,,930.190017834,117.42399999999999,,,1760.862,373.84200000000004,,,,,50.894739,,,779.8962753750001,,,,,,98.576976,,,1.041,,6371.612553209,,,,,,0.031,,,,,,2652.7,,,,,,79.294,,1718.452,398.094,,,,,,,,1058.739,,,,5.98,,77.648,,,5.766,,5996.7,
Mining and Quarrying,,,,,,,,,,727.1,,,21372.9,,,,,5797.1,20708.0,,,233.0,213.5,,,,,14913.4,18783.1,,5.2,,,,,,248.5,,,,83001.9,,,,,,,,,,,,,,,,,,,,,,,,,,,,,,,,,,,,,,,,,,,,,,,,,,,,,,,,,,,,,,,,,,,,,,,,,,,,,,,,,,,,,,,,,,,,,,,,,,,,,,,,,,,,,,,,,,,,,,,,,,,,,
Mining industry,,,,,,,,,,,,,,,,,,,,,,,,,,,,,,,,,,,,,,,,,,,,,,,,,,,545.303,,,,21755.862,,,,,17442.675,219.753,,,5775.98,18259.957,,,,0.052,394.389,,7.924,9996.581,,,,,,276.349,,,74675.063,,,0.236,,,,,,,433.868995,,,,22657.5612,,,,,17752.99037319,193.233,,,5720.729,16595.764,,,,,361.9619640000001,,,7267.355293125001,,,,35.470507064,,163.009446,,,0.18903999999999999,,71182.132818379,,,,,,,,797.083,,,,30503.462,,,,,1561.084,180.564,,6060.249,13200.011,,,,,454.543,,0.396,7851.323,,,,33.03,,70.264,,,0.206,,60712.2,
Mining of oil and gas,,,,,,,,,,,,,,,,,,,,,,,,,,,,,,,,,,,,,,,,,,,,,,,,,,,,,2108.076,,26985.085,,,,,,8.782,,,29218.411,,,,,,,87.062,,29111.47,,,,,,11481.161,,,99000.047,,,,,,,,,,,,31246.007504499896,,28776.9384,,,,,,,110.98732999999999,,24136.441,4186.652,,,,,,,0.308,75130.610171625,,,,,,73.744608,,,,,163661.6890141249,,,,,,,,,,3535.785,,40891.561,,,,,,,,18424.869,1671.281,,,,,,5.29,255.64,73323.679,,,,,,88.183,,,,,138196.288,
Non-Ferrous Metals,,,,,,,,272.8,,9501.8,,,46096.4,,0.1,,,7853.2,4534.3,,,241.0,40.8,73.4,,,,246.4,64806.9,,4.6,,,5334.9,,,52.4,,,,139059.0,,,,,,,,,,,,,,,,,,,,,,,,,,,,,,,,,,,,,,,,,,,,,,,,,,,,,,,,,,,,,,,,,,,,,,,,,,,,,,,,,,,,,,,,,,,,,,,,,,,,,,,,,,,,,,,,,,,,,,,,,,,,,
Non-Metallic Minerals,,,,,4039.9,,,,,324.0,,,6414.5,,,,,1766.4,4330.7,,,109.2,796.4,0.4,,,,6826.9,27244.5,,0.3,,,,,,345.4,,,,52198.7,,,,,,,,,,,,,,,,,,,,,,,,,,,,,,,,,,,,,,,,,,,,,,,,,,,,,,,,,,,,,,,,,,,,,,,,,,,,,,,,,,,,,,,,,,,,,,,,,,,,,,,,,,,,,,,,,,,,,,,,,,,,,
Non-ferrous metallurgy,,,,,,,,,,,,,,,,,,,,,,,,,,,,,,,,,,,,,,,,,,,,,,,,,,,8769.501,,,,41119.865,,,,,66759.026,0.0,,,7044.5,4578.249,,,,2.567,258.595,,0.605,286.934,,,5637.668,,,45.004,801.889,,135304.473,,,0.07,,,,,,,8410.042585,,,,45331.1532,,,,,52050.215981214,,,,7148.777,4616.437,,,,,235.504017,,,241.430688375,,,2358.496,,,32.49842099999999,,701.359584,0.939,,121126.853476589,,,,,,0.031,,,,,,33659.845,,,,,,,,7008.611,1838.078,,,,,,,0.044,,,,2368.184,,,,,,3.15,,44877.943,
Non-specified (Industry),,,,,1.0,,,,,,,,1113.0,,4.2,,,3077.9,11.0,,,,6.5,2.6,,,,215.1,179.1,,,,,,,,,,,,4610.4,,,,,,,,,,,,,,,,,,,,,,,,,,,,,,,,,,,,,,,,,,,,,,,,,,,,,,,,,,,,,,,,,,,,,,,,,,,,,,,,,,,,,,,,,,,,,,,,,,,,,,,,,,,,,,,,,,,,,,,,,,,,,
Non-specified (Other),,,,,,,,,,,,,,,,,,3083.8,,,,,,,,,,,,,,,,,,,,,,,3083.8,,,,,,,,,,,,,,,,,,,,,,,,,,,,,,,,,,,,,,,,,,,,,,,,,,,,,,,,,,,,,,,,,,,,,,,,,,,,,,,,,,,,,,,,,,,,,,,,,,,,,,,,,,,,,,,,,,,,,,,,,,,,,
Non-specified (Own Use for Energy Produstion),,,,,,,33.7,,,,,,11893.5,,82.7,,,,,,,,,,,,,,,,,,,,,,,,,,12009.9,,,,,,,,,,,,,,,,,,,,,,,,,,,,,,,,,,,,,,,,,,,,,,,,,,,,,,,,,,,,,,,,,,,,,,,,,,,,,,,,,,,,,,,,,,,,,,,,,,,,,,,,,,,,,,,,,,,,,,,,,,,,,
Non-specified (Transport),,,,,,,,,,,,,149.4,,,,,,2.9,,,285.5,16.1,,,,,,,,,,,,,,,,,,454.0,,,,,,,,,,,,,,,,,,,,,,,,,,,,,,,,,,,,,,,,,,,,,,,,,,,,,,,,,,,,,,,,,,,,,,,,,,,,,,,,,,,,,,,,,,,,,,,,,,,,,,,,,,,,,,,,,,,,,,,,,,,,,
Not listed above (transformation),,,,,,,,,,,,,,,,,,,,,,,,,,,,,,,,,,,,,,,,,,,,,,,,,33.697,,,,,,,,,,,,,,,,,,,,,,,,,,,,,,,,,0.0,,,114.981,,,348.219,,,,,,,,,,,,,,,,,,,,,,,,,,,,,,,,,,,,,0.0,,,,,,,,,,,,,,,,,,,,,,,,,,,,,,,,,,,,,,,,,
Not listed in other categories,,,,,,,,,,,,,,,,,,,,,,,,,,,,,,,,,,,,,,,,,,,,,,,,,,,,,,,751.708,,,,,147.432,0.0,,,594.483,,,,,,0.0,,10.929,112.968,,,,,,1178.884,,,2799.837,,,3.433,,,,,,,,,,,719.3340000000001,,,,,93.495809682,,,,312.895,0.0,,,,,2.346561,,,142.00838925000002,,,,,,10.723068,,,2.846,,1283.6488279320001,,,,,,,,,,,,741.643,,,,,119.485,,,372.002,0.0,,,,,2.347,,0.308,442.082,,,,,,26.996,,,15.04,,1719.9,
Oil and Gas Extraction,,,,,,,,,,,,69346.5,39064.7,,,,,29218.4,6233.1,,,,66.2,19.3,,,,68762.5,,,,,,,,,,,,,212710.7,,,,,,,,,,,,,,,,,,,,,,,,,,,,,,,,,,,,,,,,,,,,,,,,,,,,,,,,,,,,,,,,,,,,,,,,,,,,,,,,,,,,,,,,,,,,,,,,,,,,,,,,,,,,,,,,,,,,,,,,,,,,,
Oil refineries,,,,,,,,,,,,,,,,,,,,,,,,,,,,,,,,,,,,,,,,,,,,,2340.573,69.669,,,,,,,315708.387,39.544,7078.402,,,,,,39225.275,479320.954,62635.406,28392.366,174141.16971343535,,,30933.019,352.475,,2721.18,216120.481,,40276.736,25718.506,15297.253,1876.143,,54466.601,,440.182,799725.783,,615.187,,1005.62132,67.9724,,,,,,,733267.8979639998,81746.62665910697,7009.772400000001,,,,,,32752.399,7912.278770999999,43607.377432805995,11130.979,38.098,59880.316000000006,,27755.029,231.704,,1272.290712,233842.40000000002,,20062.82816,25853.7936,14837.199999999999,81244.13882323001,,56138.741274,9148.474588,,,150.0276,811402.7142429998,453.44000000000005,2372.3,572.9,,,,,,,700832.7,104289.8,9385.499,,,,,,31583.7,44473.2,11174.136,58.1,98431.3,,32475.3,46.9,,1348.8,240267.0,,25284.3,3439.0,12599.9,28.8,,126401.8,10945.0,,,,812668.1,77.6
Other,,,,,,,,,,,,,,,,,,,,,,,,,,,,,,,,,,,,,,,,,,,,,0.0,0.0,93.312,0.0,75.485,0.0,0.0,0.0,0.0,0.0,140712.459,0.0,0.0,0.0,0.0,155734.827,836.831,0.0,0.0,202705.604,94696.33352,0.0,0.0,583.781,1.697,50345.976,2590.787,2893.181,232000.381,0.0,0.0,1338.417,0.0,0.0,21200.352,1472.804,0.0,913698.253,147.043,6124.666,144.315,0.0,0.0,40.176,0.0,140.30599999999998,0.0,0.0,0.0,0.0,0.0,111562.01640000001,0.0,0.0,0.0,0.0,155024.06207160596,303.318,0.0,0.0,225926.933,59273.522,0.0,0.0,28.41203,0.0,29003.198175,0.0,0.352,238382.559201,0.0,0.0,3270.092,2607.81445857,0.0,38589.170655,0.0,0.0,581.538,0.0,864733.4699911758,0.0,0.0,0.0,0.0,0.0,191.4,0.0,0.0,0.0,0.0,0.0,132270.1,0.0,0.0,0.0,0.0,104768.2,819.4,0.0,263737.6,36856.5,0.0,,0.0,0.0,32684.3,0.0,2507.5,306496.4,0.0,0.0,0.0,2142.3,0.0,41797.3,0.0,0.0,834.6,0.0,925105.5,0.0
Other Sectors,0.0,0.0,0.0,0.0,132.9,0.0,136.5,0.0,0.0,0.0,0.0,0.0,140715.0,0.0,825.8,0.0,0.0,202385.6,98685.3,0.0,0.0,18819.2,44906.4,5452.6,0.0,0.0,0.0,224852.9,174876.0,0.0,23.5,0.0,0.0,1233.2,0.0,0.0,861.3,0.0,0.0,0.0,914265.2,0.0,359.0,0.0,,,,,,,,,,,,,,,,,,,,,,,,,,,,,,,,,,,,,,,,,,,,,,,,,,,,,,,,,,,,,,,,,,,,,,,,,,,,,,,,,,,,,,,,,,,,,,,,,,,,,,,,,,,,,,,,,,,,,,,,,,
Other consumption (transport),,,,,,,,,,,,,,,,,,,,,,,,,,,,,,,,,,,,,,,,,,,,,,,,,,,,,,,,,,,,,7.171,,,,,,,,,29.915,0.0,,,,,,,,,,,37.086,,,,,,,,,,,,,,,,,,,,,,,,0.0,,,,,,0.0,,,,,,,,,,,,,0.0,,,,,,,,,,,,1.2,,,,,,,,,0.0,,,,,,,,,,,,,,,,,,,1.2,
"Paper, Pulp and Printing",,,,,,,,,,,,,4800.3,,,,,639.6,173.1,,,,19.5,,,,,1826.9,28.7,,,,,,,,91.2,,,,7579.2,,,,,,,,,,,,,,,,,,,,,,,,,,,,,,,,,,,,,,,,,,,,,,,,,,,,,,,,,,,,,,,,,,,,,,,,,,,,,,,,,,,,,,,,,,,,,,,,,,,,,,,,,,,,,,,,,,,,,,,,,,,,,
Petrochemical industry,,,,,,,,,,,,,,,,,,,,,,,,,,,,,,,,,,,,,,,,,,,,,,,,,,,,,,,,,,,,,,,,,,,,,,,,,,,,,,,,,,0.0,,,,,,,,,,,,,,,,,,,,,,,,,,,,,,,,,,,,,,,,,,,0.0,,,,,,,,,,,,,,,,,,,,,,,,,,,,,,,,,,,,,,,,,
Petroleum Refineries,975.7,422.4,,85.4,42171.5,,,,,,,264262.3,6996.7,,,471496.0,,25612.6,151599.5,,25944.6,,-56243.7,1955.9,-1014.7,,55010.7,,,0.0,381.3,,,15445.9,46058.2,,114405.6,-1269.9,,,733301.8,61053.6,405.5,,,,,,,,,,,,,,,,,,,,,,,,,,,,,,,,,,,,,,,,,,,,,,,,,,,,,,,,,,,,,,,,,,,,,,,,,,,,,,,,,,,,,,,,,,,,,,,,,,,,,,,,,,,,,,,,,,,,,,,,,,,
Pipeline Transport,,,,,,,,,,,,70.2,2803.5,,,,,,213.0,,,,0.3,3.8,,,,725.4,,,,,,,,,,,,,3816.1,,,,,,,,,,,,,,,,,,,,,,,,,,,,,,,,,,,,,,,,,,,,,,,,,,,,,,,,,,,,,,,,,,,,,,,,,,,,,,,,,,,,,,,,,,,,,,,,,,,,,,,,,,,,,,,,,,,,,,,,,,,,,
Pipeline transport,,,,,,,,,,,,,,,,,,,,,,,,,,,,,,,,,,,,,,,,,,,,,,,,,,,,,,,2717.657,,,,,,,,,,185.933,,,,,,,,2097.261,,,,10.998,,0.404,,,5012.255,,,,,,,,,,,,82.16256299999999,,2264.976,,,,,,,,,,179.95499999999998,,,,,,,,2068.115235,,,,,,0.282186,,,,,4595.490984,,,,,,,,,,47.8,,2676.3,,,,,,,,,196.0,,,,,,,,2390.9,,,,,,0.3,,,,,5311.4,
Power plants (TPP) (main activity) - electricity generation,,,,,,,,,,,,,,,,,,,,,,,,,,,,,,,,,,,,,,,,,,,,,,,,,,,,,,,55787.152,,23299.866,8310.183,6827.379,,,,,,,,,,,,,,48535.73,,,,,,1.082,,,86973.15800000001,,,,,,,,,,,,,,64676.908800000005,0.0,23148.8496,13595.7348,6729.2352,,,,,0.0,,,,,,,,,87417.90863812501,,,,,,,,,904.398,,131796.126238125,,,,,,,,,,,,,,,,,,,,,,,,,,,,,,,,,,,,,,,,,
Power plants (TPP) (secondary activity) - electricity generation,,,,,,,,,,,,,,,,,,,,,,,,,,,,,,,,,,,,,,,,,,,,,,,,,,,,,,,34709.675,2.949,9824.62,37.013,11.263,,0.483,,,,2065.61,,,,,,,,71424.06,,,,,,,,,83365.99799999999,,,,,,,,,,,,,,31574.4768,5.0868,8563.752,35.3592,12.7476,,,,,0.0,,,,,,,,,70019.7454905,,,940.0160000000001,,,,,,,,78636.69109050003,,,,,,,,,,,,,,,,,,,,,,,,,,,,,,,,,,,,,,,,,
Primary energy production,883.7,,36.9,85.4,,,,,,,119315.9,3125859.5,,,936.1,480820.9,,,,33150.5,,84695.2,,,,,55010.7,1067816.8,1716012.6,,,,,,,,,,5864.7,0.0,6696779.800000002,,,6290.9,2340.573,,239.004,,,113880.333,,,3040806.114,,,2.949,33124.486,8347.195,6838.641,1846246.917,,486472.059,,,,92648.59999999999,,,,101297.295,,,1078381.643,,,,,,,,440.182,6811546.501,157.279,,323.231,,,,,,101674.91750000001,,,3098319.1103999997,,,5.0868,31712.6016,13631.094000000001,6741.9828,1906943.2481214,,493865.67204999994,,,,,,,,103423.78872000001,,,1181444.50262625,,,,,,,,,1643.127,,6939405.131617649,,1715.25,,,,,116786.583,,,3500622.511,,,6.538,40625.975,16036.243,6805.354,1834729.241,,,,,,,,,83699.997,,,1201776.301,,,,,,,,,2127.565,,6804931.556,
Production of brown coal briquettes,,,,,,,,,,,,,,,,,,,,,,,,,,,,,,,,,,,,,,,,,,,,,,,,,,,,,,,,,,,,,,,,,,,,,,,,,,,,,,,,,,0.0,,,,,,,,,,,,,,,,,,,,,,,,,,,,,,,,,,,,,,,,,,,0.0,,,,,,,,,,,,,,,,,,,,,,,,,,,,,,,,,,,,,,,,,
Production of coal briquettes,,,,,,,,,,,,,,,,,,,,,,,,,,,,,,,,,,,,,,,,,,,,,,,,,,,,,,,,,,,,,,,,,,,,,,,,,,,,,,,,,,0.0,,,,,,,,,,,,,,,,,,,,,,,,,,,,,,,,,,,,,,,,,,,0.0,,,,,,,,,,,,,,,,,,,,,,,,,,,,,,,,,,,,,,,,,
Production of non-metallic products,,,,,,,,,,,,,,,,,,,,,,,,,,,,,,,,,,,,,,,,,,,,,,,,,,,299.498,,,,6795.993,,,,,27364.548,354.909,,,1791.031,4525.706,,,,0.209,124.089,,157.147,11991.602,,,,,,797.975,,,54202.707,,,,,,,,,63.05465,677.41607,,,,7188.3648,,,,,30395.052381276,190.486,,,1896.066,4370.821,,,,,115.80968700000001,,,8802.5489355,,93.551136,,52.676957165000005,,786.2172269999999,,,,,54632.06484394101,,,,,,,,610.01,,,,8578.217,,,,,32207.676,139.974,,1899.221,4642.71,,,,,44.21,,,10508.087,,,,143.835,,951.719,,,,,59725.7,
Pulp and paper production and printing,,,,,,,,,,,,,,,,,,,,,,,,,,,,,,,,,,,,,,,,,,,,,,,,,,,,,,,3685.897,,,,,17.007,65.572,,,962.127,195.648,,,,,,,1.041,1541.446,,,,,,156.002,,,6624.739,,,,,,,,,,,,,,438.2856,,,,,15.058083438,64.001,,,728.069,69.359,,,,,,,,1082.639434875,,,,,,43.26852,,,,,2440.6806383129997,,,,,,,,,,,,791.986,,,,,19.581,65.846,,817.072,96.449,,,,,,,,1299.841,,,,,,41.575,,,,,3132.3,
Rail,,,,,,,,,,,,,10680.6,,,,,,11360.5,,,,,10.6,,,,,489.6,,,,,,,,,,,,22541.3,,,,,,,,,,,,,,,,,,,,,,,,,,,,,,,,,,,,,,,,,,,,,,,,,,,,,,,,,,,,,,,,,,,,,,,,,,,,,,,,,,,,,,,,,,,,,,,,,,,,,,,,,,,,,,,,,,,,,,,,,,,,,
Railway transport,,,,,,,,,,,,,,,,,,,,,,,,,,,,,,,,,,,,,,,,,,,,,,,,,,,,,,31672.233,9733.621,,,,,822.068,,,,,,,,,,,,,,,,,1920.968,,,,,44148.89,,,,,,,,,,,,,,9035.1252,,,,,482.348670228,,,,,48985.299,,,,,0.0,,,,,,,,,,,,,,58502.772870228,,,,,,,,,,,,18161.7,,,,,591.8,,,,62590.9,,,,,0.0,,,,,,,,,,,,,,81344.4,
Road,,,,,,,,,,,,,,,,,,,,,,,491.9,384.0,219900.3,,,13038.7,,,,,,,,,,,,,301726.7,67911.9,,,,,,,,,,,,,,,,,,,,,,,,,,,,,,,,,,,,,,,,,,,,,,,,,,,,,,,,,,,,,,,,,,,,,,,,,,,,,,,,,,,,,,,,,,,,,,,,,,,,,,,,,,,,,,,,,,,,,,,,,,,,
Road transport,,,,,,,,,,,,,,,,,,,,,,,,,,,,,,,,,,,,,,,,,,,,,,,,,,,,,,65201.535,155.492,,,,,,,,,,,,,,0.0,,,204597.437,143.405,,,,,,25353.048,,,295450.917,,,,,,,,,,,,,101347.915250042,191.1708,,,,,,,,,,,,,,,,,227572.752,230.301633,,,,,,12908.12826,,,,,342250.26794304204,,,,,,,,,,,106329.5,149.5,,,,,,,,,,,,,,,,232786.6,5615.8,,,,,,16406.6,,,,,361288.0,
Statistical Differences,0.0,109.5,0.0,0.0,0.10000000000218279,0.0,0.0,0.0,0.5,870.6999999999971,2804.3,-9345.5,-29.600000000034925,0.0,0.0,0.0,0.0,202.90000000002328,-886.2999999999884,0.0,1305.3000000000002,1906.9000000000015,-6880.200000000004,1631.2000000000007,-4811.6999999999825,0.0,0.0,-77236.9,0.0,0.0,0.0,0.0,0.9000000000000004,3820.6000000000004,0.0,0.0,-7958.299999999999,2539.8,0.0,0.0,-84652.30000000005,0.0,0.10000000000002274,0.0,,,,,,,,,,,,,,,,,,,,,,,,,,,,,,,,,,,,,,,,,,,,,,,,,,,,,,,,,,,,,,,,,,,,,,,,,,,,,,,,,,,,,,,,,,,,,,,,,,,,,,,,,,,,,,,,,,,,,,,,,,
Statistical discrepancies,0.0,109.5,0.0,0.0,0.0,0.0,0.0,0.0,0.0,870.7,2804.3,-9345.5,-29.6,0.0,0.0,0.0,0.0,5667.3,-886.3,0.0,1305.3,1906.9,-6880.2,1631.2,-4811.6,0.0,0.0,-75397.2,0.0,0.0,0.0,0.0,0.9,3820.6,0.0,0.0,-7958.3,2539.8,0.0,0.0,-84652.20000000001,0.0,0.0,0.0,-0.019,456.827,0.0,0.0,0.341,-122.98,-1163.189,0.0,0.0,4883.905614564639,0.0,0.0,0.0,0.0,0.0,-481.668,-1649.548,0.0,0.0,182.63,2578.0162590353284,0.0,-2.177,463.239,-62.521,178.696,420.757,1074.029,-6496.771,-36694.651,0.012,12.938,3673.149,5.279,16.595,283.556,0.036,-29871.159,-80.456,2652.064,0.751,0.0,164.093396,-161498.9484,0.0,-0.002565869999983761,5.4924953474255744e-12,-153.39748500000132,0.0,2.0177992610115325e-10,0.0,109058.00639999995,0.0,0.0,0.0,0.0,0.0037692327168770134,2323.8661961199987,-3.569167184025446e-11,0.0,52440.94200000001,1296.691390390013,0.0,0.0,0.018927285098470747,31.459450439999998,0.005829725167131983,-8107.213968,-1063.0428419599484,-8720.292485624901,-42953.0461521376,-162.79707326111335,0.0,91.07378106178749,-2.7654950820000006,2690.6435099999944,0.02763156000150957,-8.28951048479962,0.0002700000001141234,-2.842170943040401e-14,-54619.56161622936,-46.59819062399994,-12.1,-20.1,208.7,0.0,0.0,-7260.4,661.7,0.0,-47032.0,-1053.4,0.0,2.2,0.0,0.0,0.0,-38852.3,98.6,0.0,0.2,-7434.3,0.0,,790.3,-67.5,2097.4,-6802.2,-3847.4,-59303.4,-43976.6,-2248.2,42.1,-22309.3,-2.7,3818.212,-4170.1,-1948.2,-55.4,0.0,-236516.1,-46.0
"Stock Changes = begining - end (+,–)",,17.5,,,-1076.9,,-7.7,45.0,,-2993.8,-2915.8,37964.2,,,44.1,,-75.6,,34848.1,,713.9,-4391.9,-410.0,119.9,8971.0,,,21758.7,713.9,,-176.0,,-0.4,-24.9,0.0,,213.2,-19.1,,,92827.50000000001,-488.6,-1.3,,,,,,,,,,,,,,,,,,,,,,,,,,,,,,,,,,,,,,,,,,,,,,,,,,,,,,,,,,,,,,,,,,,,,,,,,,,,,,,,,,,,,,,,,,,,,,,,,,,,,,,,,,,,,,,,,,,,,,,,,,,
Stock changes,,,,,,,,,,,,,,,,,,,,,,,,,,,,,,,,,,,,,,,,,,,,,-589.724,-12.645,8.181,,-63.798,-621.814,-821.022,,2509.615,-1394.367,,,,,,-77222.496,1388.048,0.0,,,-2539.863,,80.555,-176.752,73.128,-5529.413,-1430.136,-3591.196,-17285.063,-1542.069,,-546.145,-931.113,-0.362,-3603.83,-10.698,,-113873.984,0.0,-3.88,-17.125,-449.3896439999999,-203.1324,-40.716,0.0,-0.030999999999996586,-5947.402650000001,1675.8627049999998,0.0,29470.010606999993,2695.276916074,0.0,0.0,0.0,0.0,,2596.511123387998,5276.495,-9914.003137499998,0.0,0.0,12063.521,0.0,0.0,202.7130900000001,41.05199999999999,-17003.634543,660.208626,-5408.1720000000005,-30768.224248875005,3169.1939200000006,-108905.19033599999,-1047.8440000000003,4226.969887105,0.0,2923.870238999999,-539.694606,801.2293200000001,-53.8625,0.0,-114874.401431808,-396.0188,,,,,,,,,,,,,,,,,,,,,,,,,,,,,,,,,,,,,,,,
"Stock changes (+,-)",,,,,,,,,,,,,,,,,,,,,,,,,,,,,,,,,,,,,,,,,,,,,,,,,,,,,,,,,,,,,,,,,,,,,,,,,,,,,,,,,,,,,,,,,,,,,,,,,,,,,,,,,,,,,,,,,,,,,,,,,,,,,,,132.297,-1.657,-11.151,0.0,-62.372,1607.978,-1680.984,0.0,-11682.215,-1955.622,0.0,0.0,0.0,0.0,0.0,-35555.056,-4.33,0.0,0.0,4099.835,0.0,0.0,-2611.688,180.312,-7141.887,628.389,-5355.812,-69209.137,4319.101,0.0,-546.644,-5304.265,-0.121,-5322.639,-1965.567,-378.853,60.769,0.0,-137930.659,-169.342
Stocks - beginning of the year (+),,23.3,,,522.8,,56.1,331.4,,1371.2,1693.6,72975.6,,,100.4,,5.0,,40464.5,,1050.5,1238.2,7807.5,211.6,22277.2,,,83713.5,20829.2,,348.3,,,337.2,,,7730.4,,,,263087.49999999994,,,,,,,,,,,,,,,,,,,,,,,,,,,,,,,,,,,,,,,,,,,,,,,,,,,,,,,,,,,,,,,,,,,,,,,,,,,,,,,,,,,,,,,,,,,,,,,,,,,,,,,,,,,,,,,,,,,,,,,,,,,,,
Stocks - end of the year (-),,-5.7,,,-1599.7,,-63.8,-286.4,,-4365.0,-4609.4,-35011.4,,,-56.4,,-80.6,,-5616.4,,-336.6,-5630.1,-8217.5,-91.7,-13306.1,,,-61954.8,-20115.3,,-524.3,,-0.4,-362.1,,,-7517.2,-19.1,,,-170259.90000000002,-488.6,-1.3,,,,,,,,,,,,,,,,,,,,,,,,,,,,,,,,,,,,,,,,,,,,,,,,,,,,,,,,,,,,,,,,,,,,,,,,,,,,,,,,,,,,,,,,,,,,,,,,,,,,,,,,,,,,,,,,,,,,,,,,,,,
Stocks at year end,,,,,,,,,,,,,,,,,,,,,,,,,,,,,,,,,,,,,,,,,,,,,-589.724,-18.349,-67.365,,-63.798,-5085.894,-5195.7,,-32501.81,-1882.986,,,,,,-98450.139,-6043.283,,,,-8156.293,,0.0,-534.256,-451.19,-11307.712,-1521.786,-16897.385,-79239.867,-3141.778,,-914.218,-950.232,-0.362,-11821.322,-286.823,,-285244.737,-40.229,-3.88,-78.354,-747.72676,-221.488,-84.159,,-47.275,-9376.034525000001,-1741.14819,,-1552.7446854999998,-1186.380731068,,,,,,-41719.126896054,-12.997,-9914.003137499998,,,-5057.875,,0.0,-1170.5495299999998,-415.18399999999997,-22329.342063,-856.771734,-22484.0,-110008.08411787501,23.517120000000002,-108905.19033599999,-1947.2880000000002,-6536.579887778,,-15230.236853999999,-792.6489779999999,550.236084,-115.092,,-362278.24682177504,-400.0736,-220.215,-223.145,-95.31,,-62.372,-2123.056,-8653.782,,-46959.139,-3142.003,,,,,,-77274.183,-17.327,,,-958.04,,,-2912.037,-234.872,-29471.229,-228.382,-27731.176,-148449.004,-11638.082,,-2493.932,-15629.233,-0.121,-15486.697,-2326.619,-378.89,-4.361,,-397282.622,-569.416
Stocks at year start,,,,,,,,,,,,,,,,,,,,,,,,,,,,,,,,,,,,,,,,,,,,,,5.704,75.546,,,4464.08,4374.678,,35011.424,488.619,,,,,,21227.644,7431.331,,,,5616.43,,80.555,357.505,524.318,5778.299,91.65,13306.189,61954.804,1599.709,,368.073,19.119,,8217.491,276.126,,171370.753,40.229,,61.23,298.33711600000004,18.3556,43.443,,47.244,3428.631875,3417.010895,,31022.755292499995,3881.657647142,,,,,,44315.638019442,5289.492,,,,17121.396,,0.0,1373.26262,456.236,5325.70752,1516.98036,17075.828,79239.859869,3145.6768,,899.444,10763.549774883,,18154.107093,252.95437199999998,250.99323600000002,61.2295,,247403.845389967,4.0548,352.512,221.488,84.159,,,3731.035,6972.798,,35276.924,1186.381,,,,,,41719.127,12.997,,,5057.875,,,300.35,415.184,22329.342,856.772,22375.364,79239.867,15957.183,,1947.288,10324.968,,10164.058,361.052,0.037,65.13,,259351.963,400.074
Textile and leather industry,,,,,,,,,,,,,,,,,,,,,,,,,,,,,,,,,,,,,,,,,,,,,,,,,,,,,,,369.136,,,,,48.969,0.0,,,86.437,,,,,,,,10.11,462.318,,,,,,8.654,,,986.772,,,1.148,,,,,,,,,,,346.3128,,,,,21.465778518,,,,61.422,0.0,,,,,,,,526.638399,,,,,,6.9605879999999996,,,0.02919,,962.828755518,,,,,,,,,,,,517.54,,,,,,,,89.434,0.0,,,,,,,,,,,,,,,,,,,607.0,
Textiles and Leather,,,,,,,,,,,,,437.8,,0.1,,,85.5,0.3,,,,8.7,0.2,,,,446.6,45.4,,,,,,,,,,,,1024.4,,,,,,,,,,,,,,,,,,,,,,,,,,,,,,,,,,,,,,,,,,,,,,,,,,,,,,,,,,,,,,,,,,,,,,,,,,,,,,,,,,,,,,,,,,,,,,,,,,,,,,,,,,,,,,,,,,,,,,,,,,,,,
Total primary energy consumption,975.7,-40.9,36.9,85.4,-4438.7,0.0,125.5,-1126.1,0.0,25454.1,87696.8,332819.5,-2044.0,0.0,1078.1,471496.0,126.6,0.0,33181.5,33150.5,-18033.5,24499.9,-82405.9,6307.5,4623.6,0.0,55010.7,789281.4,1267430.6,0.0,-175.8,0.0,5.2,-5057.2,0.0,0.0,-84647.5,-148.2,5864.7,0.0,2954345.7000000007,6858.3,64.1,6290.9,2340.555,1811.105,93.312,,-1.147,92457.712,15477.715,,323227.494,6357.52,5222.608,2.949,33124.486,8347.195,6838.641,1247905.689,-6070.193,479320.954,,0.0,-8060.897,92648.59999999999,80.555,-15877.542,-55.223,55354.569,5389.664,-6660.611,839968.426,-2448.115,-25718.494,-7699.954,-90893.505,5.472,-68664.964,-970.678,440.217,2992625.442,157.279,8756.073,417.973,103.36715399999997,177.173396,-308.043,0.0,55.45643413,93791.33630000001,16296.947704999999,0.0,781889.9301439999,19601.288590934997,7453.504799999999,5.0868,31712.6016,13631.094000000001,6741.9828,1382128.2572125318,-3363.3258038800004,8198.570189499964,0.0,0.0,8901.62839039,0.0,0.0,-12068.480302714901,43.25145043999999,32997.07054572517,6834.923256,-7301.8028419600005,912054.5060857501,11990.9948078624,-25763.866065261114,-8066.996,-77390.26253592022,2.7821049180000004,-45805.466202,8093.479019560001,-548.3774224848,1705.8705000000002,1.9091999999999998,3163389.5709218974,-406.821390624,2360.112,51.535,208.674,0.0,88.133,115905.737,15433.918,0.0,663559.83,986.264,8593.801,6.538,40625.975,16036.243,6805.354,1294567.688,-4486.45,0.0,0.0,1573.069,0.0,0.0,-14816.417,33.176,43790.792,5644.567,-6049.34,1049766.992,19752.536,-5687.161,-9253.916,-76755.615,2.854,-45631.593,9710.861,-2798.99,2194.23,1.82,3132269.221,48.004
Transformation Sector - Inputs,975.7,0.0,36.9,85.4,0.0,0.0,0.0,0.0,0.0,56392.7,84892.5,264262.3,0.0,0.0,107.9,471496.0,0.0,0.0,25143.0,33150.5,0.0,1942.5,-56243.7,0.0,-1014.7,0.0,55010.7,451270.9,942418.4,0.0,0.0,0.0,0.0,0.0,0.0,0.0,21321.7,-1269.9,5864.7,0.0,2362134.4,0.0,0.0,6290.9,,,,,,,,,,,,,,,,,,,,,,,,,,,,,,,,,,,,,,,,,,,,,,,,,,,,,,,,,,,,,,,,,,,,,,,,,,,,,,,,,,,,,,,,,,,,,,,,,,,,,,,,,,,,,,,,,,,,,,,,,,
Transformation Sector - Login,,,,,,,,,,,,,,,,,,,,,,,,,,,,,,,,,,,,,,,,,,,,,2340.573,0.0,,,,92457.712,50981.025,,316236.586,39.544,,2.949,33124.486,8347.196000000002,6838.642,932936.99,21462.165,479320.954,,,30293.987999999998,92648.59999999999,0.0,0.0,0.0,2561.435,,0.0,420717.009,,,,1876.143,,0.0,0.0,440.182,2484450.598,90.692,,119.262,1005.62132,0.0,0.0,0.0,0.0,93728.28165,48348.073195,0.0,733267.8979639998,0.0,0.0,5.0868,31712.6016,13631.094000000001,6741.9828,1087212.6776933814,19981.760000000002,8085.7863019999995,0.0,0.0,38.098,0.0,0.0,0.0,0.0,2759.5360170000004,0.0,0.0,508025.5261515,0.0,0.0,0.0,0.0,0.0,13261.754348999999,9148.474588,0.0,1083.217,150.0276,2578187.4970298815,0.0,2372.3,0.0,0.0,0.0,0.0,123166.1,60989.0,0.0,700832.7,0.0,0.0,4.4,40626.0,16036.2,6805.4,1162828.8,21554.3,0.0,0.0,2078.1,98431.3,0.0,0.0,0.0,3689.1,0.0,0.0,556694.857,0.0,0.0,0.0,237.1,0.0,12332.1,10945.0,0.0,1016.9,0.0,2820639.712,0.0
Transformation- Outputs (GROSS OUTPUT),0.0,422.4,0.0,0.0,42171.5,19370.9,44.7,3751.4,11317.1,67033.3,0.0,0.0,414281.5,0.0,0.0,0.0,0.0,399075.6,151599.5,0.0,25944.6,0.0,68830.6,1955.9,209450.3,0.0,0.0,0.0,0.0,0.0,381.3,0.0,0.0,15445.9,46058.2,0.0,114405.6,1418.1,0.0,0.0,1654417.5,61053.6,405.5,0.0,,,,,,,,,,,,,,,,,,,,,,,,,,,,,,,,,,,,,,,,,,,,,,,,,,,,,,,,,,,,,,,,,,,,,,,,,,,,,,,,,,,,,,,,,,,,,,,,,,,,,,,,,,,,,,,,,,,,,,,,,,
Transport Equipment,,,,,,,,,,,,,130.2,,,,,54.1,136.9,,,,2.3,6.7,,,,272.8,97.1,,,,,,,,,,,,700.0,,,,,,,,,,,,,,,,,,,,,,,,,,,,,,,,,,,,,,,,,,,,,,,,,,,,,,,,,,,,,,,,,,,,,,,,,,,,,,,,,,,,,,,,,,,,,,,,,,,,,,,,,,,,,,,,,,,,,,,,,,,,,
Transport Sector,0.0,271.9,0.0,0.0,0.0,0.0,0.0,0.0,0.0,0.0,0.0,70.2,13633.5,0.0,0.0,0.0,126.6,0.0,11839.3,0.0,6605.8,292.1,517.1,403.3,219900.3,0.0,0.0,13764.1,489.6,0.0,0.0,0.0,0.0,0.0,0.0,0.0,0.0,0.0,0.0,0.0,335825.6,67911.9,0.0,0.0,,,,,,,,,,,,,,,,,,,,,,,,,,,,,,,,,,,,,,,,,,,,,,,,,,,,,,,,,,,,,,,,,,,,,,,,,,,,,,,,,,,,,,,,,,,,,,,,,,,,,,,,,,,,,,,,,,,,,,,,,,
Transport equipment,,,,,,,,,,,,,,,,,,,,,,,,,,,,,,,,,,,,,,,,,,,,,,,,,,,,,,,133.345,,,,,117.21,0.0,,,76.499,179.967,,,,,2.789,,0.087,292.839,,,,,,2.756,,,805.492,,,,,,,,,,,,,,197.7552,,,,,108.384277662,,,,255.483,108.016,,,,,2.484594,,,395.63586525000005,,,,,,3.057015,,,,,1070.815951912,,,,,,,,,,,,309.409,,,,,90.594,,,273.088,130.505,,,,,8.558,,,509.555,,,,,,0.329,,,,,1322.0,
Transport sector,,,,,,,,,,,,,,,,,,,,,,,,,,,,,,,,,,,,,,,,,,,,,0.0,1423.948,0.0,0.0,0.0,0.0,0.0,0.0,0.0,58916.231968,12606.771,0.0,0.0,0.0,0.0,822.068,7.626,0.0,0.0,0.0,185.93321600000002,0.0,82.732,14008.411,101.648,29.915,0.0,204597.437,2240.667,0.0,0.0,0.0,1931.967,0.0,25362.859,0.0,0.0,322318.211,0.0,0.0,0.0,0.0,26.9448,0.0,0.0,0.0,0.0,0.0,0.0,82.16256299999999,101347.915250042,11491.272,0.0,0.0,0.0,0.0,482.348670228,0.0,0.0,0.0,0.0,49572.119999999995,0.0,0.0,15643.62891,0.0,0.0,0.0,227572.752,2298.416868,0.0,0.0,0.0,0.0,0.0,12908.410445999998,0.0,0.0,0.0,0.0,421425.97150727,0.0,0.0,643.1,0.0,0.0,0.0,0.0,0.0,0.0,47.8,106329.5,20988.8,0.0,0.0,0.0,0.0,591.8,0.0,0.0,0.0,63676.3,0.0,,16479.9,0.0,0.0,0.0,232786.6,8006.8,0.0,0.0,0.0,0.0,0.0,16407.0,0.0,0.0,0.0,0.0,465957.5,0.0
Use of transmission and distribution networks,,,,,,,,,,,,,,,,,,,,,,,,,,,,,,,,,,,,,,,,,,,,,,,,,,,,,,,93.01,,,,,,,,,,,,,,,,,,42888.219,,,,,,,,,42981.229,,,,,,,,,,,,,,13052.52,,,,,,,,,,,,,,,,,,,,,,,,,,,,,13052.52,,,,,,,,,,,,94.972,,,,,,,,,,,,,,,,,,,,,,,,,,,,94.972,
Wood and Wood Products,,,,,,,,,,,,,358.7,,19.4,,,31.3,52.8,,,,,,,,,140.3,28.1,,,,,,,,0.0,,,,630.6,,,,,,,,,,,,,,,,,,,,,,,,,,,,,,,,,,,,,,,,,,,,,,,,,,,,,,,,,,,,,,,,,,,,,,,,,,,,,,,,,,,,,,,,,,,,,,,,,,,,,,,,,,,,,,,,,,,,,,,,,,,,,
Woodworking industry,,,,,,,,,,,,,,,,,,,,,,,,,,,,,,,,,,,,,,,,,,,,,,,,,,,,,,,184.721,,,,,24.858,0.0,,,32.258,42.96,,,,,,,1.041,134.981,,,,,,0.611,,,450.092,,,28.662,,,,,,,,,,,65.4156,,,,,21.748470947999998,,,,19.948,46.568999999999996,,,,,,,,12.853853625000001,,,,,,0.0,,,26.769,,193.303924573,,,,,,,,,,,,67.147,,,,,,,,19.63,49.364,,,,,,,,,,,,,,,,,28.346,,164.5,
in Agriculture,,,,,,,,,,,,,,,,,,,,,,,,7.4,,,,,,,0.5,,,,,,,,,,7.9,,,,,,,,,,,,,,,,,,,,,,,,,,,,,,,,,,,,,,,,,,,,,,,,,,,,,,,,,,,,,,,,,,,,,,,,,,,,,,,,,,,,,,,,,,,,,,,,,,,,,,,,,,,,,,,,,,,,,,,,,,,,,
in Energy Sector,,,,,0.3,,,,,,,,,,,,,,,,,,,12.3,,,,,,,,,,,,,,,,,23.0,,10.4,,,,,,,,,,,,,,,,,,,,,,,,,,,,,,,,,,,,,,,,,,,,,,,,,,,,,,,,,,,,,,,,,,,,,,,,,,,,,,,,,,,,,,,,,,,,,,,,,,,,,,,,,,,,,,,,,,,,,,,,,,,
in Industry,,,,,23114.8,,,,,,,,,,,,,,,,,,,523.9,,,,10453.4,1.1,,5.8,,0.3,,,,,,,,34115.5,,16.3,,,,,,,,,,,,,,,,,,,,,,,,,,,,,,,,,,,,,,,,,,,,,,,,,,,,,,,,,,,,,,,,,,,,,,,,,,,,,,,,,,,,,,,,,,,,,,,,,,,,,,,,,,,,,,,,,,,,,,,,,,,
in Other Sectors,,,,,132.1,,,9.4,,,,,,,,,,,,,,,,76.3,,,,,,,41.8,,4.1,,,,,,,,340.0,,76.3,,,,,,,,,,,,,,,,,,,,,,,,,,,,,,,,,,,,,,,,,,,,,,,,,,,,,,,,,,,,,,,,,,,,,,,,,,,,,,,,,,,,,,,,,,,,,,,,,,,,,,,,,,,,,,,,,,,,,,,,,,,
in Transport,,,,,308.5,,,0.1,,,,,,,,,,,,,,,,8.0,,,,,,,123.6,,,,,,,,,,444.2,,4.0,,,,,,,,,,,,,,,,,,,,,,,,,,,,,,,,,,,,,,,,,,,,,,,,,,,,,,,,,,,,,,,,,,,,,,,,,,,,,,,,,,,,,,,,,,,,,,,,,,,,,,,,,,,,,,,,,,,,,,,,,,,
in other sectors,,,,,,,,,,,,,,,,,,,,,,,,,,,,,,,,,,,,,,,,,,,,,,,,,,,,,,,,,,,,,,,,,,,,,18.942,,112.354,,,13834.086,,,,0.028,,4.433,,14263.49,,293.646,,,,,,,,,,,,,,,,,,,,,,,,,,41.58,,4148.8657140000005,0.352,,12141.038080000002,,,,2.6934000000000005,,,8.279736000000002,,,16387.67333,44.864399999999996,,,,,,,,,,,,,,,,,,,,,,,,4.532,,4148.866,282.26,,10523.345,,,,2.774,,,,6.365,,15047.3,79.134
in the agricultural sector,,,,,,,,,,,,,,,,,,,,,,,,,,,,,,,,,,,,,,,,,,,,,,,,,,,,,,,,,,,,,,,,,,,,,0.953,,7.382,1.001,,,,,,,,,,9.683,,,0.348,,,,,,,,,,,,,,,,,,,,,,,,,10.736,,10.261692,,,,,,,,,,,,,20.997692,,,,,,,,,,,,,,,,,,,,,,,,,1.276,,3.381,3.08,,,,,,,,,,,,7.9,0.131
in the energy sector,,,,,,,,,,,,,,,,,,,,,,,,,,,,,,,,,,,,,,,,,,,,,,,,,,,0.025,,,,,,,,,,,,,,,,,,37.771,,55.9,149.408,,1.941,,,,,,,,245.089,,0.044,,,,,,,,,,,,,,,,,,,,,,,,,,45.144,,7.636608000000001,0.44,,0.79648,,,,,,,,,,54.017088,,,,,,,,0.055,,,,,,,,,,,,,,,,120.436,14.036,,,8.096,,1069.421,,,,,,,,,,1212.0,
in the industrial sector,,,,,,,,,,,,,,,,,,,,,,,,,,,,,,,,,,,,,,,,,,,,,,,,,,,76.768,,,,,,,,,,9.116,,,,,,,,42.254,,348.846,56.08,7883.055,23362.477,,,,0.068,,0.989,,31782.551,,1.439,1.46,,,,,,,,,,,,,,,,,,,,,,,,,23.276,,3.57966,5.016,8145.359735625,24829.635199999997,,,,0.08040000000000001,,,,,,33008.690995624995,1.744,,,,,,,,,,,,,,,,,,,,,,,6.962,31.152,,728.66,18.524,9984.159,31905.438,,,,0.026,,1.382,,49.021,,42731.8,6.496
in the transformation sector,,,,,,,,,,,,,,,,,,,,,,,,,,,,,,,,,,,,,,,,,,,,,,,,,,,,,,,,,,,,,,,,,,,,,,,,,,,,,,,,,,0.0,,,,,,,,,,,,,,,,,,,,,,,,,,,,,,,,,,,,,,,,,,,0.0,,,,,,,,,,,,,,,,,,,,,,,,,,,,,,,,,,,,,2284.731,,,2284.7,
in the transport sector,,,,,,,,,,,,,,,,,,,,,,,,,,,,,,,,,,,,,,,,,,,,,,,,,,,,,,,,,,,,,,,,,,,,,,,1966.232,0.174,,63.132,,,,,,0.037,,2029.618,,0.044,,,26.9448,,,,,,,,,,,,,,,,,,,,,,,,,3936.870294,,,531.9648,,,,,,,,,,4495.779893999999,,,,,,,,,,,,,,,,,,,,,,,,,16.5,,2013.241,,,478.349,,,,,,,,,,2508.1,0.044
of which Chemical/Petrochemical,,,,,,,,,,,,,,,,,,,,,,,,,,,,,,,,,,,,,,,,,,,,,,,,,,,,,,,,,,,,,,,,,,,,,,,0.16,,7883.055,,,,,,,,,7883.214,,,,,,,,,,,,,,,,,,,,,,,,,,,,,,3.57966,,8145.359735625,,,,,,,,,,,8148.9393956250005,,,,,,,,,,,,,,,,,,,,,,,,,,,0.358,,9984.159,,,,,,,,,,,9984.5,
of which in Chemical/Petrochemical,,,,,,,,,,,,,,,,,,,,,,,,0.2,,,,10453.4,,,,,,,,,,,,,10453.5,,,,,,,,,,,,,,,,,,,,,,,,,,,,,,,,,,,,,,,,,,,,,,,,,,,,,,,,,,,,,,,,,,,,,,,,,,,,,,,,,,,,,,,,,,,,,,,,,,,,,,,,,,,,,,,,,,,,,,,,,,,,,
petrochemical industry,,,,,,,,,,,,,,,,,,,,,,,,,,,,,,,,,,,,,,,,,,,,,,,,,,,,,,,,,,,,,,,,,,,,,,,,,,,,,,,,,,0.0,,,,,,,,,,,,,,,,,,,,,,,,,,,,,,,,,,,,,,,1055.0231999999999,,,,1055.0231999999999,,,,,,,,,,,,,,,,,,,,,,,,,,,,,,,,,,,,,,,,,
